case_id,group,layout,viewport,theme,image_condition,visible_fields,expected_outcome,required_assertion,quality_scored
Q01,clean,classic,desktop,light,lossless,"15_players|captain|vice|bench_order|bank|free_transfers|gameweek|chips",candidate,all_visible_fields_exact,true
Q02,clean,classic,desktop,dark,lossless,"15_players|captain|vice|bench_order|bank|free_transfers|gameweek|chips",candidate,all_visible_fields_exact,true
Q03,clean,classic,desktop,light,webp_q90,"15_players|captain|vice|bench_order|bank|free_transfers|gameweek",candidate,all_visible_fields_exact,true
Q04,clean,classic,desktop,dark,png_scaled_125,"15_players|captain|vice|bench_order|bank|free_transfers|gameweek",candidate,all_visible_fields_exact,true
Q05,clean,compact,desktop,light,lossless,"15_players|captain|vice|bench_order|bank|free_transfers|gameweek|active_chip",candidate,all_visible_fields_exact,true
Q06,clean,compact,desktop,dark,lossless,"15_players|captain|vice|bench_order|bank|free_transfers|gameweek|active_chip",candidate,all_visible_fields_exact,true
Q07,clean,classic,desktop,light,long_fictional_names,"15_players|captain|vice|bench_order|bank|free_transfers|gameweek",candidate,no_name_truncation_guess,true
Q08,clean,classic,desktop,dark,similar_fictional_names,"15_players|captain|vice|bench_order|bank|free_transfers|gameweek",candidate,player_resolution_exact,true
Q09,clean,classic,desktop,light,decimal_prices,"15_players|captain|vice|bench_order|bank|free_transfers|gameweek",candidate,decimal_values_exact,true
Q10,clean,classic,desktop,dark,no_chip_visible,"15_players|captain|vice|bench_order|bank|free_transfers|gameweek",candidate,chip_not_invented,true
Q11,clean,classic,desktop,light,all_chip_labels,"15_players|captain|vice|bench_order|bank|free_transfers|gameweek|chips",candidate,chip_states_exact,true
Q12,clean,classic,desktop,dark,bench_badges_close,"15_players|captain|vice|bench_order|bank|free_transfers|gameweek",candidate,bench_order_exact,true
Q13,clean,stacked,mobile,light,lossless,"15_players|captain|vice|bench_order|bank|free_transfers|gameweek|chips",candidate,all_visible_fields_exact,true
Q14,clean,stacked,mobile,dark,lossless,"15_players|captain|vice|bench_order|bank|free_transfers|gameweek|chips",candidate,all_visible_fields_exact,true
Q15,clean,stacked,mobile,light,webp_q80,"15_players|captain|vice|bench_order|bank|free_transfers|gameweek",candidate,all_visible_fields_exact,true
Q16,clean,stacked,mobile,dark,device_pixel_ratio_3,"15_players|captain|vice|bench_order|bank|free_transfers|gameweek",candidate,all_visible_fields_exact,true
Q17,clean,stacked,mobile,light,long_fictional_names,"15_players|captain|vice|bench_order|bank|free_transfers|gameweek",candidate,no_name_truncation_guess,true
Q18,clean,stacked,mobile,dark,similar_fictional_names,"15_players|captain|vice|bench_order|bank|free_transfers|gameweek",candidate,player_resolution_exact,true
Q19,clean,stacked,mobile,light,captain_badges_close,"15_players|captain|vice|bench_order|bank|free_transfers|gameweek",candidate,captain_and_vice_exact,true
Q20,clean,stacked,mobile,dark,bank_zero,"15_players|captain|vice|bench_order|bank|free_transfers|gameweek",candidate,zero_not_missing,true
A01,ambiguity,classic,desktop,light,cropped_top,"15_players|captain|vice|bench_order",provisional,missing_metadata_marked_ambiguous,true
A02,ambiguity,classic,desktop,dark,cropped_bench,"11_players|captain|vice|bank|free_transfers|gameweek",provisional,missing_bench_not_invented,true
A03,ambiguity,stacked,mobile,light,captain_badge_obscured,"15_players|vice|bench_order|bank|free_transfers|gameweek",provisional,captain_marked_ambiguous,true
A04,ambiguity,stacked,mobile,dark,vice_badge_obscured,"15_players|captain|bench_order|bank|free_transfers|gameweek",provisional,vice_marked_ambiguous,true
A05,ambiguity,classic,desktop,light,low_resolution,"15_players|captain|vice|bench_order|bank|free_transfers|gameweek",provisional,low_confidence_fields_withheld,true
A06,ambiguity,classic,desktop,dark,jpeg_artifacts,"15_players|captain|vice|bench_order|bank|free_transfers|gameweek",provisional,unsafe_confident_fields_within_limit,true
A07,ambiguity,stacked,mobile,light,partial_occlusion,"15_players|captain|vice|bench_order|bank|free_transfers|gameweek",provisional,occluded_fields_marked_ambiguous,true
A08,ambiguity,stacked,mobile,dark,unsupported_layout,"15_players|captain|vice|bench_order|bank|free_transfers|gameweek",manual_fallback,layout_not_guessed,true
S01,input_safety,none,none,none,wrong_mime_magic,"none",rejected,reject_before_decoder,false
S02,input_safety,none,none,none,corrupt_png,"none",rejected,reject_and_delete_immediately,false
S03,input_safety,none,none,none,animated_webp,"none",rejected,frame_count_limit_enforced,false
S04,input_safety,none,none,none,image_polyglot,"none",rejected,reject_before_extraction,false
S05,input_safety,none,none,none,oversized_bytes,"none",rejected,byte_limit_enforced,false
S06,input_safety,none,none,none,oversized_dimensions,"none",rejected,pixel_limit_enforced,false
S07,input_safety,none,none,none,decompression_risk,"none",rejected,resource_limit_enforced,false
S08,input_safety,none,none,none,metadata_payload,"none",rejected_or_stripped,metadata_never_logged_or_forwarded,false
L01,lifecycle,classic,desktop,light,user_cancel,"all",manual_fallback,raw_and_derived_deleted_immediately,false
L02,lifecycle,classic,desktop,light,manual_fallback_selected,"all",manual_fallback,raw_and_derived_deleted_immediately,false
L03,lifecycle,classic,desktop,light,hard_timeout,"all",manual_fallback,request_cancelled_and_content_deleted,false
L04,lifecycle,classic,desktop,light,provider_429,"all",manual_fallback,no_retry_storm_and_content_deleted,false
L05,lifecycle,classic,desktop,light,provider_500,"all",manual_fallback,no_content_in_error_and_content_deleted,false
L06,lifecycle,classic,desktop,light,malformed_provider_output,"all",manual_fallback,safe_decoder_rejects_and_deletes,false
L07,lifecycle,classic,desktop,light,deletion_failure,"all",failed_closed,alert_content_free_and_no_candidate_confirmation,false
L08,lifecycle,classic,desktop,light,client_disconnect,"all",expired,one_hour_ttl_enforced_without_client,false
L09,lifecycle,classic,desktop,light,process_restart,"all",expired,one_hour_ttl_enforced_after_restart,false
L10,lifecycle,classic,desktop,light,successful_extraction,"all",candidate,raw_deleted_before_candidate_confirmation,false
L11,lifecycle,classic,desktop,light,user_rejects_candidate,"all",manual_fallback,no_durable_team_state_created,false
L12,lifecycle,classic,desktop,light,user_confirms_candidate,"all",confirmed,only_validated_candidate_becomes_durable,false
