research_date,x_user_id,handle,display_name,account_url,identity_affiliation_evidence_url,source_category,club_context_coverage,observed_signal_types,sample_window_start,sample_window_end,sample_items_inspected,relevant_items,original_items,repost_items,source_link_items,correction_language_items,sample_post_urls,verified_claims,evidence_sufficiency,identity_status,activity_status,primary_vs_aggregator,relevance_score_20,historical_verifiability_score_20,timeliness_score_15,directness_score_15,uniqueness_score_10,consistency_score_10,correction_transparency_score_5,signal_to_noise_score_5,conservative_total_score_100,research_access_method,access_result,policy_status,research_eligibility,shortlist,pilot_recommendation,runtime_review_status,rationale,limitations,re_review_trigger
2026-08-26,,PremierLeague,Premier League,https://x.com/PremierLeague,https://www.premierleague.com/,league_official,Premier League,,,,0,0,0,0,0,0,,not_applicable_official_source,limited_public_sample,needs_identity_review,unresolved,primary official account,0,20,0,15,8,0,0,0,43,unresolved; affiliation public-web research; X sample not_attempted_skip_x,not_attempted_skip_x,internal_research_only; runtime_disabled; terms_review_required,needs_identity_review,yes,candidate_for_FPL-80_review,not_reviewed; disabled,Selected for coverage-constrained shortlist: Premier League,only 0 public items observed; fewer than 20 relevant items available in the endpoint sample; no deletion history; no relative publication-latency benchmark; official status does not grant reuse rights,handle/affiliation change; inactivity; terms/access change; pilot scope change; material correction or reliability evidence
2026-08-26,761568335138058240,OfficialFPL,Fantasy Premier League,https://x.com/OfficialFPL,https://fantasy.premierleague.com/,fpl_official,FPL game,,,,0,0,0,0,0,0,,not_applicable_official_source,limited_public_sample,resolved_from_wikidata_P2002_with_P6552_qualifier,unresolved,primary official account,0,20,0,15,8,0,0,0,43,wikidata_P2002_with_P6552_qualifier; affiliation public-web research; X sample not_attempted_skip_x,not_attempted_skip_x,internal_research_only; runtime_disabled; terms_review_required,eligible_for_research,yes,candidate_for_FPL-80_review,not_reviewed; disabled,Selected for coverage-constrained shortlist: FPL game,only 0 public items observed; fewer than 20 relevant items available in the endpoint sample; no deletion history; no relative publication-latency benchmark; official status does not grant reuse rights,handle/affiliation change; inactivity; terms/access change; pilot scope change; material correction or reliability evidence
2026-08-26,,PLComms,Premier League Communications,https://x.com/PLComms,https://www.premierleague.com/about,league_official,Premier League communications,,,,0,0,0,0,0,0,,not_applicable_official_source,limited_public_sample,needs_identity_review,unresolved,primary official account,0,20,0,15,8,0,0,0,43,unresolved; affiliation public-web research; X sample not_attempted_skip_x,not_attempted_skip_x,internal_research_only; runtime_disabled; terms_review_required,needs_identity_review,yes,candidate_for_FPL-80_review,not_reviewed; disabled,Selected for coverage-constrained shortlist: Premier League communications,only 0 public items observed; fewer than 20 relevant items available in the endpoint sample; no deletion history; no relative publication-latency benchmark; official status does not grant reuse rights,handle/affiliation change; inactivity; terms/access change; pilot scope change; material correction or reliability evidence
2026-08-26,34613288,Arsenal,Arsenal,https://x.com/Arsenal,https://www.arsenal.com/,club_official,Arsenal,,,,0,0,0,0,0,0,,not_applicable_official_source,limited_public_sample,resolved_from_wikidata_P2002_with_P6552_qualifier,unresolved,primary official account,0,20,0,15,8,0,0,0,43,wikidata_P2002_with_P6552_qualifier; affiliation public-web research; X sample not_attempted_skip_x,not_attempted_skip_x,internal_research_only; runtime_disabled; terms_review_required,eligible_for_research,yes,no,not_reviewed; disabled,Selected for coverage-constrained shortlist: Arsenal,only 0 public items observed; fewer than 20 relevant items available in the endpoint sample; no deletion history; no relative publication-latency benchmark; official status does not grant reuse rights,handle/affiliation change; inactivity; terms/access change; pilot scope change; material correction or reliability evidence
2026-08-26,27489253,AVFCOfficial,Aston Villa,https://x.com/AVFCOfficial,https://www.avfc.co.uk/,club_official,Aston Villa,,,,0,0,0,0,0,0,,not_applicable_official_source,limited_public_sample,resolved_from_wikidata_P2002_with_P6552_qualifier,unresolved,primary official account,0,20,0,15,8,0,0,0,43,wikidata_P2002_with_P6552_qualifier; affiliation public-web research; X sample not_attempted_skip_x,not_attempted_skip_x,internal_research_only; runtime_disabled; terms_review_required,eligible_for_research,yes,no,not_reviewed; disabled,Selected for coverage-constrained shortlist: Aston Villa,only 0 public items observed; fewer than 20 relevant items available in the endpoint sample; no deletion history; no relative publication-latency benchmark; official status does not grant reuse rights,handle/affiliation change; inactivity; terms/access change; pilot scope change; material correction or reliability evidence
2026-08-26,20880206,afcbournemouth,AFC Bournemouth,https://x.com/afcbournemouth,https://www.afcb.co.uk/,club_official,Bournemouth,,,,0,0,0,0,0,0,,not_applicable_official_source,limited_public_sample,resolved_from_wikidata_P2002_with_P6552_qualifier,unresolved,primary official account,0,20,0,15,8,0,0,0,43,wikidata_P2002_with_P6552_qualifier; affiliation public-web research; X sample not_attempted_skip_x,not_attempted_skip_x,internal_research_only; runtime_disabled; terms_review_required,eligible_for_research,yes,no,not_reviewed; disabled,Selected for coverage-constrained shortlist: Bournemouth,only 0 public items observed; fewer than 20 relevant items available in the endpoint sample; no deletion history; no relative publication-latency benchmark; official status does not grant reuse rights,handle/affiliation change; inactivity; terms/access change; pilot scope change; material correction or reliability evidence
2026-08-26,103036163,BrentfordFC,Brentford FC,https://x.com/BrentfordFC,https://www.brentfordfc.com/,club_official,Brentford,,,,0,0,0,0,0,0,,not_applicable_official_source,limited_public_sample,resolved_from_public_x_profile_metadata_recorded_2026-08-26,unresolved,primary official account,0,20,0,15,8,0,0,0,43,public_x_profile_metadata_recorded_2026-08-26; affiliation public-web research; X sample not_attempted_skip_x,not_attempted_skip_x,internal_research_only; runtime_disabled; terms_review_required,eligible_for_research,yes,no,not_reviewed; disabled,Selected for coverage-constrained shortlist: Brentford,only 0 public items observed; fewer than 20 relevant items available in the endpoint sample; no deletion history; no relative publication-latency benchmark; official status does not grant reuse rights,handle/affiliation change; inactivity; terms/access change; pilot scope change; material correction or reliability evidence
2026-08-26,57606154,OfficialBHAFC,Brighton & Hove Albion,https://x.com/OfficialBHAFC,https://www.brightonandhovealbion.com/,club_official,Brighton,,,,0,0,0,0,0,0,,not_applicable_official_source,limited_public_sample,resolved_from_wikidata_P2002_with_P6552_qualifier,unresolved,primary official account,0,20,0,15,8,0,0,0,43,wikidata_P2002_with_P6552_qualifier; affiliation public-web research; X sample not_attempted_skip_x,not_attempted_skip_x,internal_research_only; runtime_disabled; terms_review_required,eligible_for_research,yes,no,not_reviewed; disabled,Selected for coverage-constrained shortlist: Brighton,only 0 public items observed; fewer than 20 relevant items available in the endpoint sample; no deletion history; no relative publication-latency benchmark; official status does not grant reuse rights,handle/affiliation change; inactivity; terms/access change; pilot scope change; material correction or reliability evidence
2026-08-26,22910295,ChelseaFC,Chelsea FC,https://x.com/ChelseaFC,https://www.chelseafc.com/,club_official,Chelsea,,,,0,0,0,0,0,0,,not_applicable_official_source,limited_public_sample,resolved_from_wikidata_P2002_with_P6552_qualifier,unresolved,primary official account,0,20,0,15,8,0,0,0,43,wikidata_P2002_with_P6552_qualifier; affiliation public-web research; X sample not_attempted_skip_x,not_attempted_skip_x,internal_research_only; runtime_disabled; terms_review_required,eligible_for_research,yes,no,not_reviewed; disabled,Selected for coverage-constrained shortlist: Chelsea,only 0 public items observed; fewer than 20 relevant items available in the endpoint sample; no deletion history; no relative publication-latency benchmark; official status does not grant reuse rights,handle/affiliation change; inactivity; terms/access change; pilot scope change; material correction or reliability evidence
2026-08-26,70677962,Coventry_City,Coventry City,https://x.com/Coventry_City,https://www.ccfc.co.uk/,club_official,Coventry City,,,,0,0,0,0,0,0,,not_applicable_official_source,limited_public_sample,resolved_from_wikidata_P2002_with_P6552_qualifier,unresolved,primary official account,0,20,0,15,8,0,0,0,43,wikidata_P2002_with_P6552_qualifier; affiliation public-web research; X sample not_attempted_skip_x,not_attempted_skip_x,internal_research_only; runtime_disabled; terms_review_required,eligible_for_research,yes,no,not_reviewed; disabled,Selected for coverage-constrained shortlist: Coventry City,only 0 public items observed; fewer than 20 relevant items available in the endpoint sample; no deletion history; no relative publication-latency benchmark; official status does not grant reuse rights,handle/affiliation change; inactivity; terms/access change; pilot scope change; material correction or reliability evidence
2026-08-26,85307509,CPFC,Crystal Palace F.C.,https://x.com/CPFC,https://www.cpfc.co.uk/,club_official,Crystal Palace,,,,0,0,0,0,0,0,,not_applicable_official_source,limited_public_sample,resolved_from_wikidata_P2002_with_P6552_qualifier,unresolved,primary official account,0,20,0,15,8,0,0,0,43,wikidata_P2002_with_P6552_qualifier; affiliation public-web research; X sample not_attempted_skip_x,not_attempted_skip_x,internal_research_only; runtime_disabled; terms_review_required,eligible_for_research,yes,no,not_reviewed; disabled,Selected for coverage-constrained shortlist: Crystal Palace,only 0 public items observed; fewer than 20 relevant items available in the endpoint sample; no deletion history; no relative publication-latency benchmark; official status does not grant reuse rights,handle/affiliation change; inactivity; terms/access change; pilot scope change; material correction or reliability evidence
2026-08-26,15891449,Everton,Everton,https://x.com/Everton,https://www.evertonfc.com/,club_official,Everton,,,,0,0,0,0,0,0,,not_applicable_official_source,limited_public_sample,resolved_from_wikidata_P2002_with_P6552_qualifier,unresolved,primary official account,0,20,0,15,8,0,0,0,43,wikidata_P2002_with_P6552_qualifier; affiliation public-web research; X sample not_attempted_skip_x,not_attempted_skip_x,internal_research_only; runtime_disabled; terms_review_required,eligible_for_research,yes,no,not_reviewed; disabled,Selected for coverage-constrained shortlist: Everton,only 0 public items observed; fewer than 20 relevant items available in the endpoint sample; no deletion history; no relative publication-latency benchmark; official status does not grant reuse rights,handle/affiliation change; inactivity; terms/access change; pilot scope change; material correction or reliability evidence
2026-08-26,22903812,FulhamFC,Fulham Football Club,https://x.com/FulhamFC,https://www.fulhamfc.com/,club_official,Fulham,,,,0,0,0,0,0,0,,not_applicable_official_source,limited_public_sample,resolved_from_wikidata_P2002_with_P6552_qualifier,unresolved,primary official account,0,20,0,15,8,0,0,0,43,wikidata_P2002_with_P6552_qualifier; affiliation public-web research; X sample not_attempted_skip_x,not_attempted_skip_x,internal_research_only; runtime_disabled; terms_review_required,eligible_for_research,yes,no,not_reviewed; disabled,Selected for coverage-constrained shortlist: Fulham,only 0 public items observed; fewer than 20 relevant items available in the endpoint sample; no deletion history; no relative publication-latency benchmark; official status does not grant reuse rights,handle/affiliation change; inactivity; terms/access change; pilot scope change; material correction or reliability evidence
2026-08-26,104450912,HullCity,Hull City,https://x.com/HullCity,https://www.wearehullcity.co.uk/,club_official,Hull City,,,,0,0,0,0,0,0,,not_applicable_official_source,limited_public_sample,resolved_from_wikidata_P2002_with_P6552_qualifier,unresolved,primary official account,0,20,0,15,8,0,0,0,43,wikidata_P2002_with_P6552_qualifier; affiliation public-web research; X sample not_attempted_skip_x,not_attempted_skip_x,internal_research_only; runtime_disabled; terms_review_required,eligible_for_research,yes,no,not_reviewed; disabled,Selected for coverage-constrained shortlist: Hull City,only 0 public items observed; fewer than 20 relevant items available in the endpoint sample; no deletion history; no relative publication-latency benchmark; official status does not grant reuse rights,handle/affiliation change; inactivity; terms/access change; pilot scope change; material correction or reliability evidence
2026-08-26,,IpswichTown,Ipswich Town,https://x.com/IpswichTown,https://www.itfc.co.uk/,club_official,Ipswich Town,,,,0,0,0,0,0,0,,not_applicable_official_source,limited_public_sample,needs_identity_review,unresolved,primary official account,0,20,0,15,8,0,0,0,43,unresolved; affiliation public-web research; X sample not_attempted_skip_x,not_attempted_skip_x,internal_research_only; runtime_disabled; terms_review_required,needs_identity_review,yes,no,not_reviewed; disabled,Selected for coverage-constrained shortlist: Ipswich Town,only 0 public items observed; fewer than 20 relevant items available in the endpoint sample; no deletion history; no relative publication-latency benchmark; official status does not grant reuse rights,handle/affiliation change; inactivity; terms/access change; pilot scope change; material correction or reliability evidence
2026-08-26,1024095475,LUFC,Leeds United,https://x.com/LUFC,https://www.leedsunited.com/,club_official,Leeds United,,,,0,0,0,0,0,0,,not_applicable_official_source,limited_public_sample,resolved_from_wikidata_P2002_with_P6552_qualifier,unresolved,primary official account,0,20,0,15,8,0,0,0,43,wikidata_P2002_with_P6552_qualifier; affiliation public-web research; X sample not_attempted_skip_x,not_attempted_skip_x,internal_research_only; runtime_disabled; terms_review_required,eligible_for_research,yes,no,not_reviewed; disabled,Selected for coverage-constrained shortlist: Leeds United,only 0 public items observed; fewer than 20 relevant items available in the endpoint sample; no deletion history; no relative publication-latency benchmark; official status does not grant reuse rights,handle/affiliation change; inactivity; terms/access change; pilot scope change; material correction or reliability evidence
2026-08-26,19583545,LFC,Liverpool FC,https://x.com/LFC,https://www.liverpoolfc.com/,club_official,Liverpool,,,,0,0,0,0,0,0,,not_applicable_official_source,limited_public_sample,resolved_from_wikidata_P2002_with_P6552_qualifier,unresolved,primary official account,0,20,0,15,8,0,0,0,43,wikidata_P2002_with_P6552_qualifier; affiliation public-web research; X sample not_attempted_skip_x,not_attempted_skip_x,internal_research_only; runtime_disabled; terms_review_required,eligible_for_research,yes,no,not_reviewed; disabled,Selected for coverage-constrained shortlist: Liverpool,only 0 public items observed; fewer than 20 relevant items available in the endpoint sample; no deletion history; no relative publication-latency benchmark; official status does not grant reuse rights,handle/affiliation change; inactivity; terms/access change; pilot scope change; material correction or reliability evidence
2026-08-26,14573900,ManCity,Manchester City,https://x.com/ManCity,https://www.mancity.com/,club_official,Manchester City,,,,0,0,0,0,0,0,,not_applicable_official_source,limited_public_sample,resolved_from_wikidata_P2002_with_P6552_qualifier,unresolved,primary official account,0,20,0,15,8,0,0,0,43,wikidata_P2002_with_P6552_qualifier; affiliation public-web research; X sample not_attempted_skip_x,not_attempted_skip_x,internal_research_only; runtime_disabled; terms_review_required,eligible_for_research,yes,no,not_reviewed; disabled,Selected for coverage-constrained shortlist: Manchester City,only 0 public items observed; fewer than 20 relevant items available in the endpoint sample; no deletion history; no relative publication-latency benchmark; official status does not grant reuse rights,handle/affiliation change; inactivity; terms/access change; pilot scope change; material correction or reliability evidence
2026-08-26,558797310,ManUtd,Manchester United,https://x.com/ManUtd,https://www.manutd.com/,club_official,Manchester United,,,,0,0,0,0,0,0,,not_applicable_official_source,limited_public_sample,resolved_from_wikidata_P2002_with_P6552_qualifier,unresolved,primary official account,0,20,0,15,8,0,0,0,43,wikidata_P2002_with_P6552_qualifier; affiliation public-web research; X sample not_attempted_skip_x,not_attempted_skip_x,internal_research_only; runtime_disabled; terms_review_required,eligible_for_research,yes,no,not_reviewed; disabled,Selected for coverage-constrained shortlist: Manchester United,only 0 public items observed; fewer than 20 relevant items available in the endpoint sample; no deletion history; no relative publication-latency benchmark; official status does not grant reuse rights,handle/affiliation change; inactivity; terms/access change; pilot scope change; material correction or reliability evidence
2026-08-26,,NUFC,Newcastle United,https://x.com/NUFC,https://www.newcastleunited.com/,club_official,Newcastle United,,,,0,0,0,0,0,0,,not_applicable_official_source,limited_public_sample,needs_identity_review,unresolved,primary official account,0,20,0,15,8,0,0,0,43,unresolved; affiliation public-web research; X sample not_attempted_skip_x,not_attempted_skip_x,internal_research_only; runtime_disabled; terms_review_required,needs_identity_review,yes,no,not_reviewed; disabled,Selected for coverage-constrained shortlist: Newcastle United,only 0 public items observed; fewer than 20 relevant items available in the endpoint sample; no deletion history; no relative publication-latency benchmark; official status does not grant reuse rights,handle/affiliation change; inactivity; terms/access change; pilot scope change; material correction or reliability evidence
2026-08-26,39754653,NFFC,Nottingham Forest,https://x.com/NFFC,https://www.nottinghamforest.co.uk/,club_official,Nottingham Forest,,,,0,0,0,0,0,0,,not_applicable_official_source,limited_public_sample,resolved_from_wikidata_P2002_with_P6552_qualifier,unresolved,primary official account,0,20,0,15,8,0,0,0,43,wikidata_P2002_with_P6552_qualifier; affiliation public-web research; X sample not_attempted_skip_x,not_attempted_skip_x,internal_research_only; runtime_disabled; terms_review_required,eligible_for_research,yes,no,not_reviewed; disabled,Selected for coverage-constrained shortlist: Nottingham Forest,only 0 public items observed; fewer than 20 relevant items available in the endpoint sample; no deletion history; no relative publication-latency benchmark; official status does not grant reuse rights,handle/affiliation change; inactivity; terms/access change; pilot scope change; material correction or reliability evidence
2026-08-26,,SunderlandAFC,Sunderland AFC,https://x.com/SunderlandAFC,https://www.safc.com/,club_official,Sunderland,,,,0,0,0,0,0,0,,not_applicable_official_source,limited_public_sample,needs_identity_review,unresolved,primary official account,0,20,0,15,8,0,0,0,43,unresolved; affiliation public-web research; X sample not_attempted_skip_x,not_attempted_skip_x,internal_research_only; runtime_disabled; terms_review_required,needs_identity_review,yes,no,not_reviewed; disabled,Selected for coverage-constrained shortlist: Sunderland,only 0 public items observed; fewer than 20 relevant items available in the endpoint sample; no deletion history; no relative publication-latency benchmark; official status does not grant reuse rights,handle/affiliation change; inactivity; terms/access change; pilot scope change; material correction or reliability evidence
2026-08-26,121402638,SpursOfficial,Tottenham Hotspur,https://x.com/SpursOfficial,https://www.tottenhamhotspur.com/,club_official,Tottenham Hotspur,,,,0,0,0,0,0,0,,not_applicable_official_source,limited_public_sample,resolved_from_wikidata_P2002_with_P6552_qualifier,unresolved,primary official account,0,20,0,15,8,0,0,0,43,wikidata_P2002_with_P6552_qualifier; affiliation public-web research; X sample not_attempted_skip_x,not_attempted_skip_x,internal_research_only; runtime_disabled; terms_review_required,eligible_for_research,yes,no,not_reviewed; disabled,Selected for coverage-constrained shortlist: Tottenham Hotspur,only 0 public items observed; fewer than 20 relevant items available in the endpoint sample; no deletion history; no relative publication-latency benchmark; official status does not grant reuse rights,handle/affiliation change; inactivity; terms/access change; pilot scope change; material correction or reliability evidence
2026-08-26,,David_Ornstein,David Ornstein,https://x.com/David_Ornstein,https://muckrack.com/david-ornstein,reporter,national football,,,,0,0,0,0,0,0,,0,insufficient_evidence: no five-claim independent accuracy review,needs_identity_review,unresolved,potential original reporter; attribution chain requires item-level review,0,0,0,10,8,0,0,0,18,unresolved; affiliation public-web research; X sample not_attempted_skip_x,not_attempted_skip_x,internal_research_only; runtime_disabled; terms_review_required,needs_identity_review,yes,candidate_for_FPL-80_review,not_reviewed; disabled,Selected for coverage-constrained shortlist: national football,only 0 public items observed; fewer than 20 relevant items available in the endpoint sample; no deletion history; no relative publication-latency benchmark; historical accuracy component held at zero pending claim verification,handle/affiliation change; inactivity; terms/access change; pilot scope change; material correction or reliability evidence
2026-08-26,,liam_twomey,Liam Twomey,https://x.com/liam_twomey,https://muckrack.com/liam-twomey,reporter,Chelsea,,,,0,0,0,0,0,0,,0,insufficient_evidence: no five-claim independent accuracy review,needs_identity_review,unresolved,potential original reporter; attribution chain requires item-level review,0,0,0,10,8,0,0,0,18,unresolved; affiliation public-web research; X sample not_attempted_skip_x,not_attempted_skip_x,internal_research_only; runtime_disabled; terms_review_required,needs_identity_review,yes,no,not_reviewed; disabled,Selected for coverage-constrained shortlist: Chelsea,only 0 public items observed; fewer than 20 relevant items available in the endpoint sample; no deletion history; no relative publication-latency benchmark; historical accuracy component held at zero pending claim verification,handle/affiliation change; inactivity; terms/access change; pilot scope change; material correction or reliability evidence
2026-08-26,,J_Tanswell,Jacob Tanswell,https://x.com/J_Tanswell,https://muckrack.com/jacob-tanswell,reporter,Aston Villa,,,,0,0,0,0,0,0,,0,insufficient_evidence: no five-claim independent accuracy review,needs_identity_review,unresolved,potential original reporter; attribution chain requires item-level review,0,0,0,10,8,0,0,0,18,unresolved; affiliation public-web research; X sample not_attempted_skip_x,not_attempted_skip_x,internal_research_only; runtime_disabled; terms_review_required,needs_identity_review,yes,no,not_reviewed; disabled,Selected for coverage-constrained shortlist: Aston Villa,only 0 public items observed; fewer than 20 relevant items available in the endpoint sample; no deletion history; no relative publication-latency benchmark; historical accuracy component held at zero pending claim verification,handle/affiliation change; inactivity; terms/access change; pilot scope change; material correction or reliability evidence
2026-08-26,,AndyNaylorBHAFC,Andy Naylor,https://x.com/AndyNaylorBHAFC,https://muckrack.com/andy-naylor,reporter,Brighton,,,,0,0,0,0,0,0,,0,insufficient_evidence: no five-claim independent accuracy review,needs_identity_review,unresolved,potential original reporter; attribution chain requires item-level review,0,0,0,10,8,0,0,0,18,unresolved; affiliation public-web research; X sample not_attempted_skip_x,not_attempted_skip_x,internal_research_only; runtime_disabled; terms_review_required,needs_identity_review,yes,no,not_reviewed; disabled,Selected for coverage-constrained shortlist: Brighton,only 0 public items observed; fewer than 20 relevant items available in the endpoint sample; no deletion history; no relative publication-latency benchmark; historical accuracy component held at zero pending claim verification,handle/affiliation change; inactivity; terms/access change; pilot scope change; material correction or reliability evidence
2026-08-26,,jackellyffc,Jack Kelly,https://x.com/jackellyffc,https://www.fulhamsupporterstrust.com/news/2026/08/fulham-fan-media-a-directory/,reporter,Fulham,,,,0,0,0,0,0,0,,0,insufficient_evidence: no five-claim independent accuracy review,needs_identity_review,unresolved,potential original reporter; attribution chain requires item-level review,0,0,0,10,8,0,0,0,18,unresolved; affiliation public-web research; X sample not_attempted_skip_x,not_attempted_skip_x,internal_research_only; runtime_disabled; terms_review_required,needs_identity_review,yes,no,not_reviewed; disabled,Selected for coverage-constrained shortlist: Fulham,only 0 public items observed; fewer than 20 relevant items available in the endpoint sample; no deletion history; no relative publication-latency benchmark; historical accuracy component held at zero pending claim verification,handle/affiliation change; inactivity; terms/access change; pilot scope change; material correction or reliability evidence
2026-08-26,,MattWoosie,Matt Woosnam,https://x.com/MattWoosie,https://muckrack.com/matt-woosnam,reporter,Crystal Palace,,,,0,0,0,0,0,0,,0,insufficient_evidence: no five-claim independent accuracy review,needs_identity_review,unresolved,potential original reporter; attribution chain requires item-level review,0,0,0,10,8,0,0,0,18,unresolved; affiliation public-web research; X sample not_attempted_skip_x,not_attempted_skip_x,internal_research_only; runtime_disabled; terms_review_required,needs_identity_review,yes,no,not_reviewed; disabled,Selected for coverage-constrained shortlist: Crystal Palace,only 0 public items observed; fewer than 20 relevant items available in the endpoint sample; no deletion history; no relative publication-latency benchmark; historical accuracy component held at zero pending claim verification,handle/affiliation change; inactivity; terms/access change; pilot scope change; material correction or reliability evidence
2026-08-26,,Paddy_Boyland,Patrick Boyland,https://x.com/Paddy_Boyland,https://muckrack.com/patrick-boyland-1,reporter,Everton,,,,0,0,0,0,0,0,,0,insufficient_evidence: no five-claim independent accuracy review,needs_identity_review,unresolved,potential original reporter; attribution chain requires item-level review,0,0,0,10,8,0,0,0,18,unresolved; affiliation public-web research; X sample not_attempted_skip_x,not_attempted_skip_x,internal_research_only; runtime_disabled; terms_review_required,needs_identity_review,yes,no,not_reviewed; disabled,Selected for coverage-constrained shortlist: Everton,only 0 public items observed; fewer than 20 relevant items available in the endpoint sample; no deletion history; no relative publication-latency benchmark; historical accuracy component held at zero pending claim verification,handle/affiliation change; inactivity; terms/access change; pilot scope change; material correction or reliability evidence
2026-08-26,,AndyTurnerccfc,Andy Turner,https://x.com/AndyTurnerccfc,https://muckrack.com/andy-turner,reporter,Coventry City,,,,0,0,0,0,0,0,,0,insufficient_evidence: no five-claim independent accuracy review,needs_identity_review,unresolved,potential original reporter; attribution chain requires item-level review,0,0,0,10,8,0,0,0,18,unresolved; affiliation public-web research; X sample not_attempted_skip_x,not_attempted_skip_x,internal_research_only; runtime_disabled; terms_review_required,needs_identity_review,yes,no,not_reviewed; disabled,Selected for coverage-constrained shortlist: Coventry City,only 0 public items observed; fewer than 20 relevant items available in the endpoint sample; no deletion history; no relative publication-latency benchmark; historical accuracy component held at zero pending claim verification,handle/affiliation change; inactivity; terms/access change; pilot scope change; material correction or reliability evidence
2026-08-26,,bazdjcooper,Barry Cooper,https://x.com/bazdjcooper,https://muckrack.com/baz-cooper,reporter,Hull City,,,,0,0,0,0,0,0,,0,insufficient_evidence: no five-claim independent accuracy review,needs_identity_review,unresolved,potential original reporter; attribution chain requires item-level review,0,0,0,10,8,0,0,0,18,unresolved; affiliation public-web research; X sample not_attempted_skip_x,not_attempted_skip_x,internal_research_only; runtime_disabled; terms_review_required,needs_identity_review,yes,no,not_reviewed; disabled,Selected for coverage-constrained shortlist: Hull City,only 0 public items observed; fewer than 20 relevant items available in the endpoint sample; no deletion history; no relative publication-latency benchmark; historical accuracy component held at zero pending claim verification,handle/affiliation change; inactivity; terms/access change; pilot scope change; material correction or reliability evidence
2026-08-26,,Stuart_Watson,Stuart Watson,https://x.com/Stuart_Watson,https://muckrack.com/stuartwatson,reporter,Ipswich Town,,,,0,0,0,0,0,0,,0,insufficient_evidence: no five-claim independent accuracy review,needs_identity_review,unresolved,potential original reporter; attribution chain requires item-level review,0,0,0,10,8,0,0,0,18,unresolved; affiliation public-web research; X sample not_attempted_skip_x,not_attempted_skip_x,internal_research_only; runtime_disabled; terms_review_required,needs_identity_review,yes,no,not_reviewed; disabled,Selected for coverage-constrained shortlist: Ipswich Town,only 0 public items observed; fewer than 20 relevant items available in the endpoint sample; no deletion history; no relative publication-latency benchmark; historical accuracy component held at zero pending claim verification,handle/affiliation change; inactivity; terms/access change; pilot scope change; material correction or reliability evidence
2026-08-26,,Phil__Smith,Phil Smith,https://x.com/Phil__Smith,https://muckrack.com/phil-smith,reporter,Sunderland,,,,0,0,0,0,0,0,,0,insufficient_evidence: no five-claim independent accuracy review,needs_identity_review,unresolved,potential original reporter; attribution chain requires item-level review,0,0,0,10,8,0,0,0,18,unresolved; affiliation public-web research; X sample not_attempted_skip_x,not_attempted_skip_x,internal_research_only; runtime_disabled; terms_review_required,needs_identity_review,yes,no,not_reviewed; disabled,Selected for coverage-constrained shortlist: Sunderland,only 0 public items observed; fewer than 20 relevant items available in the endpoint sample; no deletion history; no relative publication-latency benchmark; historical accuracy component held at zero pending claim verification,handle/affiliation change; inactivity; terms/access change; pilot scope change; material correction or reliability evidence
2026-08-26,,TomCrockerEcho,Tom Crocker,https://x.com/TomCrockerEcho,https://cherriesontop.counterpress.media/about,reporter,Bournemouth,,,,0,0,0,0,0,0,,0,insufficient_evidence: no five-claim independent accuracy review,needs_identity_review,unresolved,potential original reporter; attribution chain requires item-level review,0,0,0,10,8,0,0,0,18,unresolved; affiliation public-web research; X sample not_attempted_skip_x,not_attempted_skip_x,internal_research_only; runtime_disabled; terms_review_required,needs_identity_review,yes,no,not_reviewed; disabled,Selected for coverage-constrained shortlist: Bournemouth,only 0 public items observed; fewer than 20 relevant items available in the endpoint sample; no deletion history; no relative publication-latency benchmark; historical accuracy component held at zero pending claim verification,handle/affiliation change; inactivity; terms/access change; pilot scope change; material correction or reliability evidence
2026-08-26,,BenDinnery,Ben Dinnery,https://x.com/BenDinnery,https://www.premierinjuries.com/expert/ben-dinnery,availability_specialist,availability and injuries,,,,0,0,0,0,0,0,,0,insufficient_evidence: no five-claim independent accuracy review,needs_identity_review,unresolved,specialist synthesis; likely correlated with press conferences and club sources,0,0,0,7,7,0,0,0,14,unresolved; affiliation public-web research; X sample not_attempted_skip_x,not_attempted_skip_x,internal_research_only; runtime_disabled; terms_review_required,needs_identity_review,yes,candidate_for_FPL-80_review,not_reviewed; disabled,Selected for coverage-constrained shortlist: availability and injuries,only 0 public items observed; fewer than 20 relevant items available in the endpoint sample; no deletion history; no relative publication-latency benchmark; historical accuracy component held at zero pending claim verification,handle/affiliation change; inactivity; terms/access change; pilot scope change; material correction or reliability evidence
2026-08-26,,PremierInjuries,Premier Injuries,https://x.com/PremierInjuries,https://www.premierinjuries.com/,availability_specialist,availability and injuries,,,,0,0,0,0,0,0,,0,insufficient_evidence: no five-claim independent accuracy review,needs_identity_review,unresolved,specialist synthesis; likely correlated with press conferences and club sources,0,0,0,7,7,0,0,0,14,unresolved; affiliation public-web research; X sample not_attempted_skip_x,not_attempted_skip_x,internal_research_only; runtime_disabled; terms_review_required,needs_identity_review,yes,no,not_reviewed; disabled,Selected for coverage-constrained shortlist: availability and injuries,only 0 public items observed; fewer than 20 relevant items available in the endpoint sample; no deletion history; no relative publication-latency benchmark; historical accuracy component held at zero pending claim verification,handle/affiliation change; inactivity; terms/access change; pilot scope change; material correction or reliability evidence
2026-08-26,,physioroom,PhysioRoom,https://x.com/physioroom,https://www.physioroom.com/,availability_specialist,availability and injuries,,,,0,0,0,0,0,0,,0,insufficient_evidence: no five-claim independent accuracy review,needs_identity_review,unresolved,specialist synthesis; likely correlated with press conferences and club sources,0,0,0,7,7,0,0,0,14,unresolved; affiliation public-web research; X sample not_attempted_skip_x,not_attempted_skip_x,internal_research_only; runtime_disabled; terms_review_required,needs_identity_review,yes,no,not_reviewed; disabled,Selected for coverage-constrained shortlist: availability and injuries,only 0 public items observed; fewer than 20 relevant items available in the endpoint sample; no deletion history; no relative publication-latency benchmark; historical accuracy component held at zero pending claim verification,handle/affiliation change; inactivity; terms/access change; pilot scope change; material correction or reliability evidence
2026-08-26,,Teamnewsandtix,Team News and Ticks,https://x.com/Teamnewsandtix,https://x.com/Teamnewsandtix,availability_specialist,team news and lineups,,,,0,0,0,0,0,0,,0,insufficient_evidence: no five-claim independent accuracy review,needs_identity_review,unresolved,specialist synthesis; likely correlated with press conferences and club sources,0,0,0,7,7,0,0,0,14,unresolved; affiliation public-web research; X sample not_attempted_skip_x,not_attempted_skip_x,internal_research_only; runtime_disabled; terms_review_required,needs_identity_review,yes,no,not_reviewed; disabled,Selected for coverage-constrained shortlist: team news and lineups,only 0 public items observed; fewer than 20 relevant items available in the endpoint sample; no deletion history; no relative publication-latency benchmark; historical accuracy component held at zero pending claim verification,handle/affiliation change; inactivity; terms/access change; pilot scope change; material correction or reliability evidence
2026-08-26,,fplstatus,FPL Status,https://x.com/fplstatus,https://www.fplstatus.com/,availability_specialist,availability and price status,,,,0,0,0,0,0,0,,0,insufficient_evidence: no five-claim independent accuracy review,needs_identity_review,unresolved,specialist synthesis; likely correlated with press conferences and club sources,0,0,0,7,7,0,0,0,14,unresolved; affiliation public-web research; X sample not_attempted_skip_x,not_attempted_skip_x,internal_research_only; runtime_disabled; terms_review_required,needs_identity_review,yes,no,not_reviewed; disabled,Selected for coverage-constrained shortlist: availability and price status,only 0 public items observed; fewer than 20 relevant items available in the endpoint sample; no deletion history; no relative publication-latency benchmark; historical accuracy component held at zero pending claim verification,handle/affiliation change; inactivity; terms/access change; pilot scope change; material correction or reliability evidence
2026-08-26,,FFScout,Fantasy Football Scout,https://x.com/FFScout,https://www.fantasyfootballscout.co.uk/,fpl_creator,FPL analysis and team news,,,,0,0,0,0,0,0,,0,insufficient_evidence: no five-claim independent accuracy review,needs_identity_review,unresolved,analysis/creator; not a primary factual source,0,0,0,5,6,0,0,0,11,unresolved; affiliation public-web research; X sample not_attempted_skip_x,not_attempted_skip_x,internal_research_only; runtime_disabled; terms_review_required,needs_identity_review,yes,candidate_for_FPL-80_review,not_reviewed; disabled,Selected for coverage-constrained shortlist: FPL analysis and team news,only 0 public items observed; fewer than 20 relevant items available in the endpoint sample; no deletion history; no relative publication-latency benchmark; historical accuracy component held at zero pending claim verification,handle/affiliation change; inactivity; terms/access change; pilot scope change; material correction or reliability evidence
2026-08-26,,LiveFPLnet,LiveFPL,https://x.com/LiveFPLnet,https://www.livefpl.net/,fpl_creator,live rank and FPL data,,,,0,0,0,0,0,0,,0,insufficient_evidence: no five-claim independent accuracy review,needs_identity_review,unresolved,analysis/creator; not a primary factual source,0,0,0,5,6,0,0,0,11,unresolved; affiliation public-web research; X sample not_attempted_skip_x,not_attempted_skip_x,internal_research_only; runtime_disabled; terms_review_required,needs_identity_review,yes,candidate_for_FPL-80_review,not_reviewed; disabled,Selected for coverage-constrained shortlist: live rank and FPL data,only 0 public items observed; fewer than 20 relevant items available in the endpoint sample; no deletion history; no relative publication-latency benchmark; historical accuracy component held at zero pending claim verification,handle/affiliation change; inactivity; terms/access change; pilot scope change; material correction or reliability evidence
2026-08-26,,fplreview,FPL Review,https://x.com/fplreview,https://fplreview.com/,fpl_creator,FPL projections,,,,0,0,0,0,0,0,,0,insufficient_evidence: no five-claim independent accuracy review,needs_identity_review,unresolved,analysis/creator; not a primary factual source,0,0,0,5,6,0,0,0,11,unresolved; affiliation public-web research; X sample not_attempted_skip_x,not_attempted_skip_x,internal_research_only; runtime_disabled; terms_review_required,needs_identity_review,yes,candidate_for_FPL-80_review,not_reviewed; disabled,Selected for coverage-constrained shortlist: FPL projections,only 0 public items observed; fewer than 20 relevant items available in the endpoint sample; no deletion history; no relative publication-latency benchmark; historical accuracy component held at zero pending claim verification,handle/affiliation change; inactivity; terms/access change; pilot scope change; material correction or reliability evidence
2026-08-26,,TheFPLWire,The FPL Wire,https://x.com/TheFPLWire,https://www.youtube.com/@TheFPLWire,fpl_creator,FPL analysis podcast,,,,0,0,0,0,0,0,,0,insufficient_evidence: no five-claim independent accuracy review,needs_identity_review,unresolved,analysis/creator; not a primary factual source,0,0,0,5,6,0,0,0,11,unresolved; affiliation public-web research; X sample not_attempted_skip_x,not_attempted_skip_x,internal_research_only; runtime_disabled; terms_review_required,needs_identity_review,yes,candidate_for_FPL-80_review,not_reviewed; disabled,Selected for coverage-constrained shortlist: FPL analysis podcast,only 0 public items observed; fewer than 20 relevant items available in the endpoint sample; no deletion history; no relative publication-latency benchmark; historical accuracy component held at zero pending claim verification,handle/affiliation change; inactivity; terms/access change; pilot scope change; material correction or reliability evidence
2026-08-26,,FPLGeneral,FPL General,https://x.com/FPLGeneral,https://linktr.ee/fplgeneral,fpl_creator,FPL analysis,,,,0,0,0,0,0,0,,0,insufficient_evidence: no five-claim independent accuracy review,needs_identity_review,unresolved,analysis/creator; not a primary factual source,0,0,0,5,6,0,0,0,11,unresolved; affiliation public-web research; X sample not_attempted_skip_x,not_attempted_skip_x,internal_research_only; runtime_disabled; terms_review_required,needs_identity_review,yes,no,not_reviewed; disabled,Selected for coverage-constrained shortlist: FPL analysis,only 0 public items observed; fewer than 20 relevant items available in the endpoint sample; no deletion history; no relative publication-latency benchmark; historical accuracy component held at zero pending claim verification,handle/affiliation change; inactivity; terms/access change; pilot scope change; material correction or reliability evidence
2026-08-26,,lateriser12,Lateriser,https://x.com/lateriser12,https://www.fantasyfootballscout.co.uk/author/lateriser12/,fpl_creator,FPL analysis,,,,0,0,0,0,0,0,,0,insufficient_evidence: no five-claim independent accuracy review,needs_identity_review,unresolved,analysis/creator; not a primary factual source,0,0,0,5,6,0,0,0,11,unresolved; affiliation public-web research; X sample not_attempted_skip_x,not_attempted_skip_x,internal_research_only; runtime_disabled; terms_review_required,needs_identity_review,yes,no,not_reviewed; disabled,Selected for coverage-constrained shortlist: FPL analysis,only 0 public items observed; fewer than 20 relevant items available in the endpoint sample; no deletion history; no relative publication-latency benchmark; historical accuracy component held at zero pending claim verification,handle/affiliation change; inactivity; terms/access change; pilot scope change; material correction or reliability evidence
2026-08-26,,Pras_fpl,Pras,https://x.com/Pras_fpl,https://www.fantasyfootballscout.co.uk/author/pras/,fpl_creator,FPL analysis,,,,0,0,0,0,0,0,,0,insufficient_evidence: no five-claim independent accuracy review,needs_identity_review,unresolved,analysis/creator; not a primary factual source,0,0,0,5,6,0,0,0,11,unresolved; affiliation public-web research; X sample not_attempted_skip_x,not_attempted_skip_x,internal_research_only; runtime_disabled; terms_review_required,needs_identity_review,yes,no,not_reviewed; disabled,Selected for coverage-constrained shortlist: FPL analysis,only 0 public items observed; fewer than 20 relevant items available in the endpoint sample; no deletion history; no relative publication-latency benchmark; historical accuracy component held at zero pending claim verification,handle/affiliation change; inactivity; terms/access change; pilot scope change; material correction or reliability evidence
2026-08-26,,FPL__Raptor,FPL Raptor,https://x.com/FPL__Raptor,https://www.fplraptor.com/,fpl_creator,FPL analysis and psychology,,,,0,0,0,0,0,0,,0,insufficient_evidence: no five-claim independent accuracy review,needs_identity_review,unresolved,analysis/creator; not a primary factual source,0,0,0,5,6,0,0,0,11,unresolved; affiliation public-web research; X sample not_attempted_skip_x,not_attempted_skip_x,internal_research_only; runtime_disabled; terms_review_required,needs_identity_review,yes,candidate_for_FPL-80_review,not_reviewed; disabled,Selected for coverage-constrained shortlist: FPL analysis and psychology,only 0 public items observed; fewer than 20 relevant items available in the endpoint sample; no deletion history; no relative publication-latency benchmark; historical accuracy component held at zero pending claim verification,handle/affiliation change; inactivity; terms/access change; pilot scope change; material correction or reliability evidence
2026-08-26,,FPL_Harry,FPL Harry,https://x.com/FPL_Harry,https://www.youtube.com/@FPLHarry,fpl_creator,FPL analysis,,,,0,0,0,0,0,0,,0,insufficient_evidence: no five-claim independent accuracy review,needs_identity_review,unresolved,analysis/creator; not a primary factual source,0,0,0,5,6,0,0,0,11,unresolved; affiliation public-web research; X sample not_attempted_skip_x,not_attempted_skip_x,internal_research_only; runtime_disabled; terms_review_required,needs_identity_review,yes,no,not_reviewed; disabled,Selected for coverage-constrained shortlist: FPL analysis,only 0 public items observed; fewer than 20 relevant items available in the endpoint sample; no deletion history; no relative publication-latency benchmark; historical accuracy component held at zero pending claim verification,handle/affiliation change; inactivity; terms/access change; pilot scope change; material correction or reliability evidence
2026-08-26,,FPLFocal,FPL Focal,https://x.com/FPLFocal,https://www.youtube.com/@FPLFocal,fpl_creator,FPL analysis and news,,,,0,0,0,0,0,0,,0,insufficient_evidence: no five-claim independent accuracy review,needs_identity_review,unresolved,analysis/creator; not a primary factual source,0,0,0,5,6,0,0,0,11,unresolved; affiliation public-web research; X sample not_attempted_skip_x,not_attempted_skip_x,internal_research_only; runtime_disabled; terms_review_required,needs_identity_review,yes,no,not_reviewed; disabled,Selected for coverage-constrained shortlist: FPL analysis and news,only 0 public items observed; fewer than 20 relevant items available in the endpoint sample; no deletion history; no relative publication-latency benchmark; historical accuracy component held at zero pending claim verification,handle/affiliation change; inactivity; terms/access change; pilot scope change; material correction or reliability evidence
